category_id;name
100;Бренд
100;Варианты
100;Показания
100;Основной ингредиент
100;Протеин (Белок)
100;Жиры
100;Клетчатка
100;Влажность
100;Зольность
100;Кальций
100;Фосфор
100;Тип корма
100;Тип упаковки
100;Возраст
100;Вес упаковки
100;Срок годности (дни)
100;Вес (гр)
100;Ширина (мм)
100;Длина (мм)
100;Высота (мм)
100;Страна-производитель
100;Добавки на 1 кг
100;Способ применения
100;Порода
100;Вес питомца
100;Фармакология
100;Количество штук в упаковке
100;Тип наполнителя
100;Добавки в наполнителе
100;Размеры
100;Объем
100;Состав наполнителя
100;Цвет
100;Материал
100;Тип туалета
100;Вид корма для рыб и экзотических животных
100;Вид рыбок
100;Материал миски
100;Объём миски
100;Вид изделия
100;Вид одежды
100;Пол питомца
100;Сезон
100;Вид обуви
100;Тип средства
102;Бренд
102;Варианты
102;Показания
102;Основной ингредиент
102;Протеин (Белок)
102;Жиры
102;Клетчатка
102;Влажность
102;Зольность
102;Кальций
102;Фосфор
102;Тип корма
102;Тип упаковки
102;Возраст
102;Вес упаковки
102;Срок годности (дни)
102;Вес (гр)
102;Ширина (мм)
102;Длина (мм)
102;Высота (мм)
102;Страна-производитель
102;Добавки на 1 кг
102;Способ применения
102;Порода
102;Вес питомца
102;Фармакология
102;Количество штук в упаковке
102;Тип наполнителя
102;Добавки в наполнителе
102;Размеры
102;Объем
102;Состав наполнителя
102;Цвет
102;Материал
102;Тип туалета
102;Вид корма для рыб и экзотических животных
102;Вид рыбок
102;Материал миски
102;Объём миски
102;Вид изделия
102;Вид одежды
102;Пол питомца
102;Сезон
102;Вид обуви
102;Тип средства
103;Бренд
103;Варианты
103;Показания
103;Основной ингредиент
103;Протеин (Белок)
103;Жиры
103;Клетчатка
103;Влажность
103;Зольность
103;Кальций
103;Фосфор
103;Тип корма
103;Тип упаковки
103;Возраст
103;Вес упаковки
103;Срок годности (дни)
103;Вес (гр)
103;Ширина (мм)
103;Длина (мм)
103;Высота (мм)
103;Страна-производитель
103;Добавки на 1 кг
103;Способ применения
103;Порода
103;Вес питомца
103;Фармакология
103;Количество штук в упаковке
103;Тип наполнителя
103;Добавки в наполнителе
103;Размеры
103;Объем
103;Состав наполнителя
103;Цвет
103;Материал
103;Тип туалета
103;Вид корма для рыб и экзотических животных
103;Вид рыбок
103;Материал миски
103;Объём миски
103;Вид изделия
103;Вид одежды
103;Пол питомца
103;Сезон
103;Вид обуви
103;Тип средства
105;Бренд
105;Варианты
105;Показания
105;Основной ингредиент
105;Протеин (Белок)
105;Жиры
105;Клетчатка
105;Влажность
105;Зольность
105;Кальций
105;Фосфор
105;Тип корма
105;Тип упаковки
105;Возраст
105;Вес упаковки
105;Срок годности (дни)
105;Вес (гр)
105;Ширина (мм)
105;Длина (мм)
105;Высота (мм)
105;Страна-производитель
105;Добавки на 1 кг
105;Способ применения
105;Порода
105;Вес питомца
105;Фармакология
105;Количество штук в упаковке
105;Тип наполнителя
105;Добавки в наполнителе
105;Размеры
105;Объем
105;Состав наполнителя
105;Цвет
105;Материал
105;Тип туалета
105;Вид корма для рыб и экзотических животных
105;Вид рыбок
105;Материал миски
105;Объём миски
105;Вид изделия
105;Вид одежды
105;Пол питомца
105;Сезон
105;Вид обуви
105;Тип средства
109;Бренд
109;Варианты
109;Показания
109;Основной ингредиент
109;Протеин (Белок)
109;Жиры
109;Клетчатка
109;Влажность
109;Зольность
109;Кальций
109;Фосфор
109;Тип корма
109;Тип упаковки
109;Возраст
109;Вес упаковки
109;Срок годности (дни)
109;Вес (гр)
109;Ширина (мм)
109;Длина (мм)
109;Высота (мм)
109;Страна-производитель
109;Добавки на 1 кг
109;Способ применения
109;Порода
109;Вес питомца
109;Фармакология
109;Количество штук в упаковке
109;Тип наполнителя
109;Добавки в наполнителе
109;Размеры
109;Объем
109;Состав наполнителя
109;Цвет
109;Материал
109;Тип туалета
109;Вид корма для рыб и экзотических животных
109;Вид рыбок
109;Материал миски
109;Объём миски
109;Вид изделия
109;Вид одежды
109;Пол питомца
109;Сезон
109;Вид обуви
109;Тип средства
1013;Бренд
1013;Варианты
1013;Показания
1013;Основной ингредиент
1013;Протеин (Белок)
1013;Жиры
1013;Клетчатка
1013;Влажность
1013;Зольность
1013;Кальций
1013;Фосфор
1013;Тип корма
1013;Тип упаковки
1013;Возраст
1013;Вес упаковки
1013;Срок годности (дни)
1013;Вес (гр)
1013;Ширина (мм)
1013;Длина (мм)
1013;Высота (мм)
1013;Страна-производитель
1013;Добавки на 1 кг
1013;Способ применения
1013;Порода
1013;Вес питомца
1013;Фармакология
1013;Количество штук в упаковке
1013;Тип наполнителя
1013;Добавки в наполнителе
1013;Размеры
1013;Объем
1013;Состав наполнителя
1013;Цвет
1013;Материал
1013;Тип туалета
1013;Вид корма для рыб и экзотических животных
1013;Вид рыбок
1013;Материал миски
1013;Объём миски
1013;Вид изделия
1013;Вид одежды
1013;Пол питомца
1013;Сезон
1013;Вид обуви
1013;Тип средства
1018;Бренд
1018;Варианты
1018;Показания
1018;Основной ингредиент
1018;Протеин (Белок)
1018;Жиры
1018;Клетчатка
1018;Влажность
1018;Зольность
1018;Кальций
1018;Фосфор
1018;Тип корма
1018;Тип упаковки
1018;Возраст
1018;Вес упаковки
1018;Срок годности (дни)
1018;Вес (гр)
1018;Ширина (мм)
1018;Длина (мм)
1018;Высота (мм)
1018;Страна-производитель
1018;Добавки на 1 кг
1018;Способ применения
1018;Порода
1018;Вес питомца
1018;Фармакология
1018;Количество штук в упаковке
1018;Тип наполнителя
1018;Добавки в наполнителе
1018;Размеры
1018;Объем
1018;Состав наполнителя
1018;Цвет
1018;Материал
1018;Тип туалета
1018;Вид корма для рыб и экзотических животных
1018;Вид рыбок
1018;Материал миски
1018;Объём миски
1018;Вид изделия
1018;Вид одежды
1018;Пол питомца
1018;Сезон
1018;Вид обуви
1018;Тип средства
1019;Бренд
1019;Варианты
1019;Показания
1019;Основной ингредиент
1019;Протеин (Белок)
1019;Жиры
1019;Клетчатка
1019;Влажность
1019;Зольность
1019;Кальций
1019;Фосфор
1019;Тип корма
1019;Тип упаковки
1019;Возраст
1019;Вес упаковки
1019;Срок годности (дни)
1019;Вес (гр)
1019;Ширина (мм)
1019;Длина (мм)
1019;Высота (мм)
1019;Страна-производитель
1019;Добавки на 1 кг
1019;Способ применения
1019;Порода
1019;Вес питомца
1019;Фармакология
1019;Количество штук в упаковке
1019;Тип наполнителя
1019;Добавки в наполнителе
1019;Размеры
1019;Объем
1019;Состав наполнителя
1019;Цвет
1019;Материал
1019;Тип туалета
1019;Вид корма для рыб и экзотических животных
1019;Вид рыбок
1019;Материал миски
1019;Объём миски
1019;Вид изделия
1019;Вид одежды
1019;Пол питомца
1019;Сезон
1019;Вид обуви
1019;Тип средства
1022;Бренд
1022;Варианты
1022;Показания
1022;Основной ингредиент
1022;Протеин (Белок)
1022;Жиры
1022;Клетчатка
1022;Влажность
1022;Зольность
1022;Кальций
1022;Фосфор
1022;Тип корма
1022;Тип упаковки
1022;Возраст
1022;Вес упаковки
1022;Срок годности (дни)
1022;Вес (гр)
1022;Ширина (мм)
1022;Длина (мм)
1022;Высота (мм)
1022;Страна-производитель
1022;Добавки на 1 кг
1022;Способ применения
1022;Порода
1022;Вес питомца
1022;Фармакология
1022;Количество штук в упаковке
1022;Тип наполнителя
1022;Добавки в наполнителе
1022;Размеры
1022;Объем
1022;Состав наполнителя
1022;Цвет
1022;Материал
1022;Тип туалета
1022;Вид корма для рыб и экзотических животных
1022;Вид рыбок
1022;Материал миски
1022;Объём миски
1022;Вид изделия
1022;Вид одежды
1022;Пол питомца
1022;Сезон
1022;Вид обуви
1022;Тип средства
1029;Бренд
1029;Варианты
1029;Показания
1029;Основной ингредиент
1029;Протеин (Белок)
1029;Жиры
1029;Клетчатка
1029;Влажность
1029;Зольность
1029;Кальций
1029;Фосфор
1029;Тип корма
1029;Тип упаковки
1029;Возраст
1029;Вес упаковки
1029;Срок годности (дни)
1029;Вес (гр)
1029;Ширина (мм)
1029;Длина (мм)
1029;Высота (мм)
1029;Страна-производитель
1029;Добавки на 1 кг
1029;Способ применения
1029;Порода
1029;Вес питомца
1029;Фармакология
1029;Количество штук в упаковке
1029;Тип наполнителя
1029;Добавки в наполнителе
1029;Размеры
1029;Объем
1029;Состав наполнителя
1029;Цвет
1029;Материал
1029;Тип туалета
1029;Вид корма для рыб и экзотических животных
1029;Вид рыбок
1029;Материал миски
1029;Объём миски
1029;Вид изделия
1029;Вид одежды
1029;Пол питомца
1029;Сезон
1029;Вид обуви
1029;Тип средства
1032;Бренд
1032;Варианты
1032;Показания
1032;Основной ингредиент
1032;Протеин (Белок)
1032;Жиры
1032;Клетчатка
1032;Влажность
1032;Зольность
1032;Кальций
1032;Фосфор
1032;Тип корма
1032;Тип упаковки
1032;Возраст
1032;Вес упаковки
1032;Срок годности (дни)
1032;Вес (гр)
1032;Ширина (мм)
1032;Длина (мм)
1032;Высота (мм)
1032;Страна-производитель
1032;Добавки на 1 кг
1032;Способ применения
1032;Порода
1032;Вес питомца
1032;Фармакология
1032;Количество штук в упаковке
1032;Тип наполнителя
1032;Добавки в наполнителе
1032;Размеры
1032;Объем
1032;Состав наполнителя
1032;Цвет
1032;Материал
1032;Тип туалета
1032;Вид корма для рыб и экзотических животных
1032;Вид рыбок
1032;Материал миски
1032;Объём миски
1032;Вид изделия
1032;Вид одежды
1032;Пол питомца
1032;Сезон
1032;Вид обуви
1032;Тип средства
1034;Бренд
1034;Варианты
1034;Показания
1034;Основной ингредиент
1034;Протеин (Белок)
1034;Жиры
1034;Клетчатка
1034;Влажность
1034;Зольность
1034;Кальций
1034;Фосфор
1034;Тип корма
1034;Тип упаковки
1034;Возраст
1034;Вес упаковки
1034;Срок годности (дни)
1034;Вес (гр)
1034;Ширина (мм)
1034;Длина (мм)
1034;Высота (мм)
1034;Страна-производитель
1034;Добавки на 1 кг
1034;Способ применения
1034;Порода
1034;Вес питомца
1034;Фармакология
1034;Количество штук в упаковке
1034;Тип наполнителя
1034;Добавки в наполнителе
1034;Размеры
1034;Объем
1034;Состав наполнителя
1034;Цвет
1034;Материал
1034;Тип туалета
1034;Вид корма для рыб и экзотических животных
1034;Вид рыбок
1034;Материал миски
1034;Объём миски
1034;Вид изделия
1034;Вид одежды
1034;Пол питомца
1034;Сезон
1034;Вид обуви
1034;Тип средства
1038;Бренд
1038;Варианты
1038;Показания
1038;Основной ингредиент
1038;Протеин (Белок)
1038;Жиры
1038;Клетчатка
1038;Влажность
1038;Зольность
1038;Кальций
1038;Фосфор
1038;Тип корма
1038;Тип упаковки
1038;Возраст
1038;Вес упаковки
1038;Срок годности (дни)
1038;Вес (гр)
1038;Ширина (мм)
1038;Длина (мм)
1038;Высота (мм)
1038;Страна-производитель
1038;Добавки на 1 кг
1038;Способ применения
1038;Порода
1038;Вес питомца
1038;Фармакология
1038;Количество штук в упаковке
1038;Тип наполнителя
1038;Добавки в наполнителе
1038;Размеры
1038;Объем
1038;Состав наполнителя
1038;Цвет
1038;Материал
1038;Тип туалета
1038;Вид корма для рыб и экзотических животных
1038;Вид рыбок
1038;Материал миски
1038;Объём миски
1038;Вид изделия
1038;Вид одежды
1038;Пол питомца
1038;Сезон
1038;Вид обуви
1038;Тип средства
1039;Бренд
1039;Варианты
1039;Показания
1039;Основной ингредиент
1039;Протеин (Белок)
1039;Жиры
1039;Клетчатка
1039;Влажность
1039;Зольность
1039;Кальций
1039;Фосфор
1039;Тип корма
1039;Тип упаковки
1039;Возраст
1039;Вес упаковки
1039;Срок годности (дни)
1039;Вес (гр)
1039;Ширина (мм)
1039;Длина (мм)
1039;Высота (мм)
1039;Страна-производитель
1039;Добавки на 1 кг
1039;Способ применения
1039;Порода
1039;Вес питомца
1039;Фармакология
1039;Количество штук в упаковке
1039;Тип наполнителя
1039;Добавки в наполнителе
1039;Размеры
1039;Объем
1039;Состав наполнителя
1039;Цвет
1039;Материал
1039;Тип туалета
1039;Вид корма для рыб и экзотических животных
1039;Вид рыбок
1039;Материал миски
1039;Объём миски
1039;Вид изделия
1039;Вид одежды
1039;Пол питомца
1039;Сезон
1039;Вид обуви
1039;Тип средства
1067;Бренд
1067;Варианты
1067;Показания
1067;Основной ингредиент
1067;Протеин (Белок)
1067;Жиры
1067;Клетчатка
1067;Влажность
1067;Зольность
1067;Кальций
1067;Фосфор
1067;Тип корма
1067;Тип упаковки
1067;Возраст
1067;Вес упаковки
1067;Срок годности (дни)
1067;Вес (гр)
1067;Ширина (мм)
1067;Длина (мм)
1067;Высота (мм)
1067;Страна-производитель
1067;Добавки на 1 кг
1067;Способ применения
1067;Порода
1067;Вес питомца
1067;Фармакология
1067;Количество штук в упаковке
1067;Тип наполнителя
1067;Добавки в наполнителе
1067;Размеры
1067;Объем
1067;Состав наполнителя
1067;Цвет
1067;Материал
1067;Тип туалета
1067;Вид корма для рыб и экзотических животных
1067;Вид рыбок
1067;Материал миски
1067;Объём миски
1067;Вид изделия
1067;Вид одежды
1067;Пол питомца
1067;Сезон
1067;Вид обуви
1067;Тип средства
111;Бренд
111;Варианты
111;Показания
111;Основной ингредиент
111;Протеин (Белок)
111;Жиры
111;Клетчатка
111;Влажность
111;Зольность
111;Кальций
111;Фосфор
111;Тип корма
111;Тип упаковки
111;Возраст
111;Вес упаковки
111;Срок годности (дни)
111;Вес (гр)
111;Ширина (мм)
111;Длина (мм)
111;Высота (мм)
111;Страна-производитель
111;Добавки на 1 кг
111;Способ применения
111;Порода
111;Вес питомца
111;Фармакология
111;Количество штук в упаковке
111;Тип наполнителя
111;Добавки в наполнителе
111;Размеры
111;Объем
111;Состав наполнителя
111;Цвет
111;Материал
111;Тип туалета
111;Вид корма для рыб и экзотических животных
111;Вид рыбок
111;Материал миски
111;Объём миски
111;Вид изделия
111;Вид одежды
111;Пол питомца
111;Сезон
111;Вид обуви
111;Тип средства
114;Бренд
114;Варианты
114;Показания
114;Основной ингредиент
114;Протеин (Белок)
114;Жиры
114;Клетчатка
114;Влажность
114;Зольность
114;Кальций
114;Фосфор
114;Тип корма
114;Тип упаковки
114;Возраст
114;Вес упаковки
114;Срок годности (дни)
114;Вес (гр)
114;Ширина (мм)
114;Длина (мм)
114;Высота (мм)
114;Страна-производитель
114;Добавки на 1 кг
114;Способ применения
114;Порода
114;Вес питомца
114;Фармакология
114;Количество штук в упаковке
114;Тип наполнителя
114;Добавки в наполнителе
114;Размеры
114;Объем
114;Состав наполнителя
114;Цвет
114;Материал
114;Тип туалета
114;Вид корма для рыб и экзотических животных
114;Вид рыбок
114;Материал миски
114;Объём миски
114;Вид изделия
114;Вид одежды
114;Пол питомца
114;Сезон
114;Вид обуви
114;Тип средства
1110;Бренд
1110;Варианты
1110;Показания
1110;Основной ингредиент
1110;Протеин (Белок)
1110;Жиры
1110;Клетчатка
1110;Влажность
1110;Зольность
1110;Кальций
1110;Фосфор
1110;Тип корма
1110;Тип упаковки
1110;Возраст
1110;Вес упаковки
1110;Срок годности (дни)
1110;Вес (гр)
1110;Ширина (мм)
1110;Длина (мм)
1110;Высота (мм)
1110;Страна-производитель
1110;Добавки на 1 кг
1110;Способ применения
1110;Порода
1110;Вес питомца
1110;Фармакология
1110;Количество штук в упаковке
1110;Тип наполнителя
1110;Добавки в наполнителе
1110;Размеры
1110;Объем
1110;Состав наполнителя
1110;Цвет
1110;Материал
1110;Тип туалета
1110;Вид корма для рыб и экзотических животных
1110;Вид рыбок
1110;Материал миски
1110;Объём миски
1110;Вид изделия
1110;Вид одежды
1110;Пол питомца
1110;Сезон
1110;Вид обуви
1110;Тип средства
1111;Бренд
1111;Варианты
1111;Показания
1111;Основной ингредиент
1111;Протеин (Белок)
1111;Жиры
1111;Клетчатка
1111;Влажность
1111;Зольность
1111;Кальций
1111;Фосфор
1111;Тип корма
1111;Тип упаковки
1111;Возраст
1111;Вес упаковки
1111;Срок годности (дни)
1111;Вес (гр)
1111;Ширина (мм)
1111;Длина (мм)
1111;Высота (мм)
1111;Страна-производитель
1111;Добавки на 1 кг
1111;Способ применения
1111;Порода
1111;Вес питомца
1111;Фармакология
1111;Количество штук в упаковке
1111;Тип наполнителя
1111;Добавки в наполнителе
1111;Размеры
1111;Объем
1111;Состав наполнителя
1111;Цвет
1111;Материал
1111;Тип туалета
1111;Вид корма для рыб и экзотических животных
1111;Вид рыбок
1111;Материал миски
1111;Объём миски
1111;Вид изделия
1111;Вид одежды
1111;Пол питомца
1111;Сезон
1111;Вид обуви
1111;Тип средства
1115;Бренд
1115;Варианты
1115;Показания
1115;Основной ингредиент
1115;Протеин (Белок)
1115;Жиры
1115;Клетчатка
1115;Влажность
1115;Зольность
1115;Кальций
1115;Фосфор
1115;Тип корма
1115;Тип упаковки
1115;Возраст
1115;Вес упаковки
1115;Срок годности (дни)
1115;Вес (гр)
1115;Ширина (мм)
1115;Длина (мм)
1115;Высота (мм)
1115;Страна-производитель
1115;Добавки на 1 кг
1115;Способ применения
1115;Порода
1115;Вес питомца
1115;Фармакология
1115;Количество штук в упаковке
1115;Тип наполнителя
1115;Добавки в наполнителе
1115;Размеры
1115;Объем
1115;Состав наполнителя
1115;Цвет
1115;Материал
1115;Тип туалета
1115;Вид корма для рыб и экзотических животных
1115;Вид рыбок
1115;Материал миски
1115;Объём миски
1115;Вид изделия
1115;Вид одежды
1115;Пол питомца
1115;Сезон
1115;Вид обуви
1115;Тип средства
1116;Бренд
1116;Варианты
1116;Показания
1116;Основной ингредиент
1116;Протеин (Белок)
1116;Жиры
1116;Клетчатка
1116;Влажность
1116;Зольность
1116;Кальций
1116;Фосфор
1116;Тип корма
1116;Тип упаковки
1116;Возраст
1116;Вес упаковки
1116;Срок годности (дни)
1116;Вес (гр)
1116;Ширина (мм)
1116;Длина (мм)
1116;Высота (мм)
1116;Страна-производитель
1116;Добавки на 1 кг
1116;Способ применения
1116;Порода
1116;Вес питомца
1116;Фармакология
1116;Количество штук в упаковке
1116;Тип наполнителя
1116;Добавки в наполнителе
1116;Размеры
1116;Объем
1116;Состав наполнителя
1116;Цвет
1116;Материал
1116;Тип туалета
1116;Вид корма для рыб и экзотических животных
1116;Вид рыбок
1116;Материал миски
1116;Объём миски
1116;Вид изделия
1116;Вид одежды
1116;Пол питомца
1116;Сезон
1116;Вид обуви
1116;Тип средства
1121;Бренд
1121;Варианты
1121;Показания
1121;Основной ингредиент
1121;Протеин (Белок)
1121;Жиры
1121;Клетчатка
1121;Влажность
1121;Зольность
1121;Кальций
1121;Фосфор
1121;Тип корма
1121;Тип упаковки
1121;Возраст
1121;Вес упаковки
1121;Срок годности (дни)
1121;Вес (гр)
1121;Ширина (мм)
1121;Длина (мм)
1121;Высота (мм)
1121;Страна-производитель
1121;Добавки на 1 кг
1121;Способ применения
1121;Порода
1121;Вес питомца
1121;Фармакология
1121;Количество штук в упаковке
1121;Тип наполнителя
1121;Добавки в наполнителе
1121;Размеры
1121;Объем
1121;Состав наполнителя
1121;Цвет
1121;Материал
1121;Тип туалета
1121;Вид корма для рыб и экзотических животных
1121;Вид рыбок
1121;Материал миски
1121;Объём миски
1121;Вид изделия
1121;Вид одежды
1121;Пол питомца
1121;Сезон
1121;Вид обуви
1121;Тип средства
1126;Бренд
1126;Варианты
1126;Показания
1126;Основной ингредиент
1126;Протеин (Белок)
1126;Жиры
1126;Клетчатка
1126;Влажность
1126;Зольность
1126;Кальций
1126;Фосфор
1126;Тип корма
1126;Тип упаковки
1126;Возраст
1126;Вес упаковки
1126;Срок годности (дни)
1126;Вес (гр)
1126;Ширина (мм)
1126;Длина (мм)
1126;Высота (мм)
1126;Страна-производитель
1126;Добавки на 1 кг
1126;Способ применения
1126;Порода
1126;Вес питомца
1126;Фармакология
1126;Количество штук в упаковке
1126;Тип наполнителя
1126;Добавки в наполнителе
1126;Размеры
1126;Объем
1126;Состав наполнителя
1126;Цвет
1126;Материал
1126;Тип туалета
1126;Вид корма для рыб и экзотических животных
1126;Вид рыбок
1126;Материал миски
1126;Объём миски
1126;Вид изделия
1126;Вид одежды
1126;Пол питомца
1126;Сезон
1126;Вид обуви
1126;Тип средства
1127;Бренд
1127;Варианты
1127;Показания
1127;Основной ингредиент
1127;Протеин (Белок)
1127;Жиры
1127;Клетчатка
1127;Влажность
1127;Зольность
1127;Кальций
1127;Фосфор
1127;Тип корма
1127;Тип упаковки
1127;Возраст
1127;Вес упаковки
1127;Срок годности (дни)
1127;Вес (гр)
1127;Ширина (мм)
1127;Длина (мм)
1127;Высота (мм)
1127;Страна-производитель
1127;Добавки на 1 кг
1127;Способ применения
1127;Порода
1127;Вес питомца
1127;Фармакология
1127;Количество штук в упаковке
1127;Тип наполнителя
1127;Добавки в наполнителе
1127;Размеры
1127;Объем
1127;Состав наполнителя
1127;Цвет
1127;Материал
1127;Тип туалета
1127;Вид корма для рыб и экзотических животных
1127;Вид рыбок
1127;Материал миски
1127;Объём миски
1127;Вид изделия
1127;Вид одежды
1127;Пол питомца
1127;Сезон
1127;Вид обуви
1127;Тип средства
1133;Бренд
1133;Варианты
1133;Показания
1133;Основной ингредиент
1133;Протеин (Белок)
1133;Жиры
1133;Клетчатка
1133;Влажность
1133;Зольность
1133;Кальций
1133;Фосфор
1133;Тип корма
1133;Тип упаковки
1133;Возраст
1133;Вес упаковки
1133;Срок годности (дни)
1133;Вес (гр)
1133;Ширина (мм)
1133;Длина (мм)
1133;Высота (мм)
1133;Страна-производитель
1133;Добавки на 1 кг
1133;Способ применения
1133;Порода
1133;Вес питомца
1133;Фармакология
1133;Количество штук в упаковке
1133;Тип наполнителя
1133;Добавки в наполнителе
1133;Размеры
1133;Объем
1133;Состав наполнителя
1133;Цвет
1133;Материал
1133;Тип туалета
1133;Вид корма для рыб и экзотических животных
1133;Вид рыбок
1133;Материал миски
1133;Объём миски
1133;Вид изделия
1133;Вид одежды
1133;Пол питомца
1133;Сезон
1133;Вид обуви
1133;Тип средства
1137;Бренд
1137;Варианты
1137;Показания
1137;Основной ингредиент
1137;Протеин (Белок)
1137;Жиры
1137;Клетчатка
1137;Влажность
1137;Зольность
1137;Кальций
1137;Фосфор
1137;Тип корма
1137;Тип упаковки
1137;Возраст
1137;Вес упаковки
1137;Срок годности (дни)
1137;Вес (гр)
1137;Ширина (мм)
1137;Длина (мм)
1137;Высота (мм)
1137;Страна-производитель
1137;Добавки на 1 кг
1137;Способ применения
1137;Порода
1137;Вес питомца
1137;Фармакология
1137;Количество штук в упаковке
1137;Тип наполнителя
1137;Добавки в наполнителе
1137;Размеры
1137;Объем
1137;Состав наполнителя
1137;Цвет
1137;Материал
1137;Тип туалета
1137;Вид корма для рыб и экзотических животных
1137;Вид рыбок
1137;Материал миски
1137;Объём миски
1137;Вид изделия
1137;Вид одежды
1137;Пол питомца
1137;Сезон
1137;Вид обуви
1137;Тип средства
1146;Бренд
1146;Варианты
1146;Показания
1146;Основной ингредиент
1146;Протеин (Белок)
1146;Жиры
1146;Клетчатка
1146;Влажность
1146;Зольность
1146;Кальций
1146;Фосфор
1146;Тип корма
1146;Тип упаковки
1146;Возраст
1146;Вес упаковки
1146;Срок годности (дни)
1146;Вес (гр)
1146;Ширина (мм)
1146;Длина (мм)
1146;Высота (мм)
1146;Страна-производитель
1146;Добавки на 1 кг
1146;Способ применения
1146;Порода
1146;Вес питомца
1146;Фармакология
1146;Количество штук в упаковке
1146;Тип наполнителя
1146;Добавки в наполнителе
1146;Размеры
1146;Объем
1146;Состав наполнителя
1146;Цвет
1146;Материал
1146;Тип туалета
1146;Вид корма для рыб и экзотических животных
1146;Вид рыбок
1146;Материал миски
1146;Объём миски
1146;Вид изделия
1146;Вид одежды
1146;Пол питомца
1146;Сезон
1146;Вид обуви
1146;Тип средства
1155;Бренд
1155;Варианты
1155;Показания
1155;Основной ингредиент
1155;Протеин (Белок)
1155;Жиры
1155;Клетчатка
1155;Влажность
1155;Зольность
1155;Кальций
1155;Фосфор
1155;Тип корма
1155;Тип упаковки
1155;Возраст
1155;Вес упаковки
1155;Срок годности (дни)
1155;Вес (гр)
1155;Ширина (мм)
1155;Длина (мм)
1155;Высота (мм)
1155;Страна-производитель
1155;Добавки на 1 кг
1155;Способ применения
1155;Порода
1155;Вес питомца
1155;Фармакология
1155;Количество штук в упаковке
1155;Тип наполнителя
1155;Добавки в наполнителе
1155;Размеры
1155;Объем
1155;Состав наполнителя
1155;Цвет
1155;Материал
1155;Тип туалета
1155;Вид корма для рыб и экзотических животных
1155;Вид рыбок
1155;Материал миски
1155;Объём миски
1155;Вид изделия
1155;Вид одежды
1155;Пол питомца
1155;Сезон
1155;Вид обуви
1155;Тип средства
1159;Бренд
1159;Варианты
1159;Показания
1159;Основной ингредиент
1159;Протеин (Белок)
1159;Жиры
1159;Клетчатка
1159;Влажность
1159;Зольность
1159;Кальций
1159;Фосфор
1159;Тип корма
1159;Тип упаковки
1159;Возраст
1159;Вес упаковки
1159;Срок годности (дни)
1159;Вес (гр)
1159;Ширина (мм)
1159;Длина (мм)
1159;Высота (мм)
1159;Страна-производитель
1159;Добавки на 1 кг
1159;Способ применения
1159;Порода
1159;Вес питомца
1159;Фармакология
1159;Количество штук в упаковке
1159;Тип наполнителя
1159;Добавки в наполнителе
1159;Размеры
1159;Объем
1159;Состав наполнителя
1159;Цвет
1159;Материал
1159;Тип туалета
1159;Вид корма для рыб и экзотических животных
1159;Вид рыбок
1159;Материал миски
1159;Объём миски
1159;Вид изделия
1159;Вид одежды
1159;Пол питомца
1159;Сезон
1159;Вид обуви
1159;Тип средства
126;Бренд
126;Варианты
126;Показания
126;Основной ингредиент
126;Протеин (Белок)
126;Жиры
126;Клетчатка
126;Влажность
126;Зольность
126;Кальций
126;Фосфор
126;Тип корма
126;Тип упаковки
126;Возраст
126;Вес упаковки
126;Срок годности (дни)
126;Вес (гр)
126;Ширина (мм)
126;Длина (мм)
126;Высота (мм)
126;Страна-производитель
126;Добавки на 1 кг
126;Способ применения
126;Порода
126;Вес питомца
126;Фармакология
126;Количество штук в упаковке
126;Тип наполнителя
126;Добавки в наполнителе
126;Размеры
126;Объем
126;Состав наполнителя
126;Цвет
126;Материал
126;Тип туалета
126;Вид корма для рыб и экзотических животных
126;Вид рыбок
126;Материал миски
126;Объём миски
126;Вид изделия
126;Вид одежды
126;Пол питомца
126;Сезон
126;Вид обуви
126;Тип средства
1214;Бренд
1214;Варианты
1214;Показания
1214;Основной ингредиент
1214;Протеин (Белок)
1214;Жиры
1214;Клетчатка
1214;Влажность
1214;Зольность
1214;Кальций
1214;Фосфор
1214;Тип корма
1214;Тип упаковки
1214;Возраст
1214;Вес упаковки
1214;Срок годности (дни)
1214;Вес (гр)
1214;Ширина (мм)
1214;Длина (мм)
1214;Высота (мм)
1214;Страна-производитель
1214;Добавки на 1 кг
1214;Способ применения
1214;Порода
1214;Вес питомца
1214;Фармакология
1214;Количество штук в упаковке
1214;Тип наполнителя
1214;Добавки в наполнителе
1214;Размеры
1214;Объем
1214;Состав наполнителя
1214;Цвет
1214;Материал
1214;Тип туалета
1214;Вид корма для рыб и экзотических животных
1214;Вид рыбок
1214;Материал миски
1214;Объём миски
1214;Вид изделия
1214;Вид одежды
1214;Пол питомца
1214;Сезон
1214;Вид обуви
1214;Тип средства
1217;Бренд
1217;Варианты
1217;Показания
1217;Основной ингредиент
1217;Протеин (Белок)
1217;Жиры
1217;Клетчатка
1217;Влажность
1217;Зольность
1217;Кальций
1217;Фосфор
1217;Тип корма
1217;Тип упаковки
1217;Возраст
1217;Вес упаковки
1217;Срок годности (дни)
1217;Вес (гр)
1217;Ширина (мм)
1217;Длина (мм)
1217;Высота (мм)
1217;Страна-производитель
1217;Добавки на 1 кг
1217;Способ применения
1217;Порода
1217;Вес питомца
1217;Фармакология
1217;Количество штук в упаковке
1217;Тип наполнителя
1217;Добавки в наполнителе
1217;Размеры
1217;Объем
1217;Состав наполнителя
1217;Цвет
1217;Материал
1217;Тип туалета
1217;Вид корма для рыб и экзотических животных
1217;Вид рыбок
1217;Материал миски
1217;Объём миски
1217;Вид изделия
1217;Вид одежды
1217;Пол питомца
1217;Сезон
1217;Вид обуви
1217;Тип средства
1240;Бренд
1240;Варианты
1240;Показания
1240;Основной ингредиент
1240;Протеин (Белок)
1240;Жиры
1240;Клетчатка
1240;Влажность
1240;Зольность
1240;Кальций
1240;Фосфор
1240;Тип корма
1240;Тип упаковки
1240;Возраст
1240;Вес упаковки
1240;Срок годности (дни)
1240;Вес (гр)
1240;Ширина (мм)
1240;Длина (мм)
1240;Высота (мм)
1240;Страна-производитель
1240;Добавки на 1 кг
1240;Способ применения
1240;Порода
1240;Вес питомца
1240;Фармакология
1240;Количество штук в упаковке
1240;Тип наполнителя
1240;Добавки в наполнителе
1240;Размеры
1240;Объем
1240;Состав наполнителя
1240;Цвет
1240;Материал
1240;Тип туалета
1240;Вид корма для рыб и экзотических животных
1240;Вид рыбок
1240;Материал миски
1240;Объём миски
1240;Вид изделия
1240;Вид одежды
1240;Пол питомца
1240;Сезон
1240;Вид обуви
1240;Тип средства
1247;Бренд
1247;Варианты
1247;Показания
1247;Основной ингредиент
1247;Протеин (Белок)
1247;Жиры
1247;Клетчатка
1247;Влажность
1247;Зольность
1247;Кальций
1247;Фосфор
1247;Тип корма
1247;Тип упаковки
1247;Возраст
1247;Вес упаковки
1247;Срок годности (дни)
1247;Вес (гр)
1247;Ширина (мм)
1247;Длина (мм)
1247;Высота (мм)
1247;Страна-производитель
1247;Добавки на 1 кг
1247;Способ применения
1247;Порода
1247;Вес питомца
1247;Фармакология
1247;Количество штук в упаковке
1247;Тип наполнителя
1247;Добавки в наполнителе
1247;Размеры
1247;Объем
1247;Состав наполнителя
1247;Цвет
1247;Материал
1247;Тип туалета
1247;Вид корма для рыб и экзотических животных
1247;Вид рыбок
1247;Материал миски
1247;Объём миски
1247;Вид изделия
1247;Вид одежды
1247;Пол питомца
1247;Сезон
1247;Вид обуви
1247;Тип средства
1250;Бренд
1250;Варианты
1250;Показания
1250;Основной ингредиент
1250;Протеин (Белок)
1250;Жиры
1250;Клетчатка
1250;Влажность
1250;Зольность
1250;Кальций
1250;Фосфор
1250;Тип корма
1250;Тип упаковки
1250;Возраст
1250;Вес упаковки
1250;Срок годности (дни)
1250;Вес (гр)
1250;Ширина (мм)
1250;Длина (мм)
1250;Высота (мм)
1250;Страна-производитель
1250;Добавки на 1 кг
1250;Способ применения
1250;Порода
1250;Вес питомца
1250;Фармакология
1250;Количество штук в упаковке
1250;Тип наполнителя
1250;Добавки в наполнителе
1250;Размеры
1250;Объем
1250;Состав наполнителя
1250;Цвет
1250;Материал
1250;Тип туалета
1250;Вид корма для рыб и экзотических животных
1250;Вид рыбок
1250;Материал миски
1250;Объём миски
1250;Вид изделия
1250;Вид одежды
1250;Пол питомца
1250;Сезон
1250;Вид обуви
1250;Тип средства
1252;Бренд
1252;Варианты
1252;Показания
1252;Основной ингредиент
1252;Протеин (Белок)
1252;Жиры
1252;Клетчатка
1252;Влажность
1252;Зольность
1252;Кальций
1252;Фосфор
1252;Тип корма
1252;Тип упаковки
1252;Возраст
1252;Вес упаковки
1252;Срок годности (дни)
1252;Вес (гр)
1252;Ширина (мм)
1252;Длина (мм)
1252;Высота (мм)
1252;Страна-производитель
1252;Добавки на 1 кг
1252;Способ применения
1252;Порода
1252;Вес питомца
1252;Фармакология
1252;Количество штук в упаковке
1252;Тип наполнителя
1252;Добавки в наполнителе
1252;Размеры
1252;Объем
1252;Состав наполнителя
1252;Цвет
1252;Материал
1252;Тип туалета
1252;Вид корма для рыб и экзотических животных
1252;Вид рыбок
1252;Материал миски
1252;Объём миски
1252;Вид изделия
1252;Вид одежды
1252;Пол питомца
1252;Сезон
1252;Вид обуви
1252;Тип средства
1253;Бренд
1253;Варианты
1253;Показания
1253;Основной ингредиент
1253;Протеин (Белок)
1253;Жиры
1253;Клетчатка
1253;Влажность
1253;Зольность
1253;Кальций
1253;Фосфор
1253;Тип корма
1253;Тип упаковки
1253;Возраст
1253;Вес упаковки
1253;Срок годности (дни)
1253;Вес (гр)
1253;Ширина (мм)
1253;Длина (мм)
1253;Высота (мм)
1253;Страна-производитель
1253;Добавки на 1 кг
1253;Способ применения
1253;Порода
1253;Вес питомца
1253;Фармакология
1253;Количество штук в упаковке
1253;Тип наполнителя
1253;Добавки в наполнителе
1253;Размеры
1253;Объем
1253;Состав наполнителя
1253;Цвет
1253;Материал
1253;Тип туалета
1253;Вид корма для рыб и экзотических животных
1253;Вид рыбок
1253;Материал миски
1253;Объём миски
1253;Вид изделия
1253;Вид одежды
1253;Пол питомца
1253;Сезон
1253;Вид обуви
1253;Тип средства
1257;Бренд
1257;Варианты
1257;Показания
1257;Основной ингредиент
1257;Протеин (Белок)
1257;Жиры
1257;Клетчатка
1257;Влажность
1257;Зольность
1257;Кальций
1257;Фосфор
1257;Тип корма
1257;Тип упаковки
1257;Возраст
1257;Вес упаковки
1257;Срок годности (дни)
1257;Вес (гр)
1257;Ширина (мм)
1257;Длина (мм)
1257;Высота (мм)
1257;Страна-производитель
1257;Добавки на 1 кг
1257;Способ применения
1257;Порода
1257;Вес питомца
1257;Фармакология
1257;Количество штук в упаковке
1257;Тип наполнителя
1257;Добавки в наполнителе
1257;Размеры
1257;Объем
1257;Состав наполнителя
1257;Цвет
1257;Материал
1257;Тип туалета
1257;Вид корма для рыб и экзотических животных
1257;Вид рыбок
1257;Материал миски
1257;Объём миски
1257;Вид изделия
1257;Вид одежды
1257;Пол питомца
1257;Сезон
1257;Вид обуви
1257;Тип средства
1260;Бренд
1260;Варианты
1260;Показания
1260;Основной ингредиент
1260;Протеин (Белок)
1260;Жиры
1260;Клетчатка
1260;Влажность
1260;Зольность
1260;Кальций
1260;Фосфор
1260;Тип корма
1260;Тип упаковки
1260;Возраст
1260;Вес упаковки
1260;Срок годности (дни)
1260;Вес (гр)
1260;Ширина (мм)
1260;Длина (мм)
1260;Высота (мм)
1260;Страна-производитель
1260;Добавки на 1 кг
1260;Способ применения
1260;Порода
1260;Вес питомца
1260;Фармакология
1260;Количество штук в упаковке
1260;Тип наполнителя
1260;Добавки в наполнителе
1260;Размеры
1260;Объем
1260;Состав наполнителя
1260;Цвет
1260;Материал
1260;Тип туалета
1260;Вид корма для рыб и экзотических животных
1260;Вид рыбок
1260;Материал миски
1260;Объём миски
1260;Вид изделия
1260;Вид одежды
1260;Пол питомца
1260;Сезон
1260;Вид обуви
1260;Тип средства
1263;Бренд
1263;Варианты
1263;Показания
1263;Основной ингредиент
1263;Протеин (Белок)
1263;Жиры
1263;Клетчатка
1263;Влажность
1263;Зольность
1263;Кальций
1263;Фосфор
1263;Тип корма
1263;Тип упаковки
1263;Возраст
1263;Вес упаковки
1263;Срок годности (дни)
1263;Вес (гр)
1263;Ширина (мм)
1263;Длина (мм)
1263;Высота (мм)
1263;Страна-производитель
1263;Добавки на 1 кг
1263;Способ применения
1263;Порода
1263;Вес питомца
1263;Фармакология
1263;Количество штук в упаковке
1263;Тип наполнителя
1263;Добавки в наполнителе
1263;Размеры
1263;Объем
1263;Состав наполнителя
1263;Цвет
1263;Материал
1263;Тип туалета
1263;Вид корма для рыб и экзотических животных
1263;Вид рыбок
1263;Материал миски
1263;Объём миски
1263;Вид изделия
1263;Вид одежды
1263;Пол питомца
1263;Сезон
1263;Вид обуви
1263;Тип средства
137;Бренд
137;Варианты
137;Показания
137;Основной ингредиент
137;Протеин (Белок)
137;Жиры
137;Клетчатка
137;Влажность
137;Зольность
137;Кальций
137;Фосфор
137;Тип корма
137;Тип упаковки
137;Возраст
137;Вес упаковки
137;Срок годности (дни)
137;Вес (гр)
137;Ширина (мм)
137;Длина (мм)
137;Высота (мм)
137;Страна-производитель
137;Добавки на 1 кг
137;Способ применения
137;Порода
137;Вес питомца
137;Фармакология
137;Количество штук в упаковке
137;Тип наполнителя
137;Добавки в наполнителе
137;Размеры
137;Объем
137;Состав наполнителя
137;Цвет
137;Материал
137;Тип туалета
137;Вид корма для рыб и экзотических животных
137;Вид рыбок
137;Материал миски
137;Объём миски
137;Вид изделия
137;Вид одежды
137;Пол питомца
137;Сезон
137;Вид обуви
137;Тип средства
138;Бренд
138;Варианты
138;Показания
138;Основной ингредиент
138;Протеин (Белок)
138;Жиры
138;Клетчатка
138;Влажность
138;Зольность
138;Кальций
138;Фосфор
138;Тип корма
138;Тип упаковки
138;Возраст
138;Вес упаковки
138;Срок годности (дни)
138;Вес (гр)
138;Ширина (мм)
138;Длина (мм)
138;Высота (мм)
138;Страна-производитель
138;Добавки на 1 кг
138;Способ применения
138;Порода
138;Вес питомца
138;Фармакология
138;Количество штук в упаковке
138;Тип наполнителя
138;Добавки в наполнителе
138;Размеры
138;Объем
138;Состав наполнителя
138;Цвет
138;Материал
138;Тип туалета
138;Вид корма для рыб и экзотических животных
138;Вид рыбок
138;Материал миски
138;Объём миски
138;Вид изделия
138;Вид одежды
138;Пол питомца
138;Сезон
138;Вид обуви
138;Тип средства
1312;Бренд
1312;Варианты
1312;Показания
1312;Основной ингредиент
1312;Протеин (Белок)
1312;Жиры
1312;Клетчатка
1312;Влажность
1312;Зольность
1312;Кальций
1312;Фосфор
1312;Тип корма
1312;Тип упаковки
1312;Возраст
1312;Вес упаковки
1312;Срок годности (дни)
1312;Вес (гр)
1312;Ширина (мм)
1312;Длина (мм)
1312;Высота (мм)
1312;Страна-производитель
1312;Добавки на 1 кг
1312;Способ применения
1312;Порода
1312;Вес питомца
1312;Фармакология
1312;Количество штук в упаковке
1312;Тип наполнителя
1312;Добавки в наполнителе
1312;Размеры
1312;Объем
1312;Состав наполнителя
1312;Цвет
1312;Материал
1312;Тип туалета
1312;Вид корма для рыб и экзотических животных
1312;Вид рыбок
1312;Материал миски
1312;Объём миски
1312;Вид изделия
1312;Вид одежды
1312;Пол питомца
1312;Сезон
1312;Вид обуви
1312;Тип средства
1320;Бренд
1320;Варианты
1320;Показания
1320;Основной ингредиент
1320;Протеин (Белок)
1320;Жиры
1320;Клетчатка
1320;Влажность
1320;Зольность
1320;Кальций
1320;Фосфор
1320;Тип корма
1320;Тип упаковки
1320;Возраст
1320;Вес упаковки
1320;Срок годности (дни)
1320;Вес (гр)
1320;Ширина (мм)
1320;Длина (мм)
1320;Высота (мм)
1320;Страна-производитель
1320;Добавки на 1 кг
1320;Способ применения
1320;Порода
1320;Вес питомца
1320;Фармакология
1320;Количество штук в упаковке
1320;Тип наполнителя
1320;Добавки в наполнителе
1320;Размеры
1320;Объем
1320;Состав наполнителя
1320;Цвет
1320;Материал
1320;Тип туалета
1320;Вид корма для рыб и экзотических животных
1320;Вид рыбок
1320;Материал миски
1320;Объём миски
1320;Вид изделия
1320;Вид одежды
1320;Пол питомца
1320;Сезон
1320;Вид обуви
1320;Тип средства
1323;Бренд
1323;Варианты
1323;Показания
1323;Основной ингредиент
1323;Протеин (Белок)
1323;Жиры
1323;Клетчатка
1323;Влажность
1323;Зольность
1323;Кальций
1323;Фосфор
1323;Тип корма
1323;Тип упаковки
1323;Возраст
1323;Вес упаковки
1323;Срок годности (дни)
1323;Вес (гр)
1323;Ширина (мм)
1323;Длина (мм)
1323;Высота (мм)
1323;Страна-производитель
1323;Добавки на 1 кг
1323;Способ применения
1323;Порода
1323;Вес питомца
1323;Фармакология
1323;Количество штук в упаковке
1323;Тип наполнителя
1323;Добавки в наполнителе
1323;Размеры
1323;Объем
1323;Состав наполнителя
1323;Цвет
1323;Материал
1323;Тип туалета
1323;Вид корма для рыб и экзотических животных
1323;Вид рыбок
1323;Материал миски
1323;Объём миски
1323;Вид изделия
1323;Вид одежды
1323;Пол питомца
1323;Сезон
1323;Вид обуви
1323;Тип средства
1324;Бренд
1324;Варианты
1324;Показания
1324;Основной ингредиент
1324;Протеин (Белок)
1324;Жиры
1324;Клетчатка
1324;Влажность
1324;Зольность
1324;Кальций
1324;Фосфор
1324;Тип корма
1324;Тип упаковки
1324;Возраст
1324;Вес упаковки
1324;Срок годности (дни)
1324;Вес (гр)
1324;Ширина (мм)
1324;Длина (мм)
1324;Высота (мм)
1324;Страна-производитель
1324;Добавки на 1 кг
1324;Способ применения
1324;Порода
1324;Вес питомца
1324;Фармакология
1324;Количество штук в упаковке
1324;Тип наполнителя
1324;Добавки в наполнителе
1324;Размеры
1324;Объем
1324;Состав наполнителя
1324;Цвет
1324;Материал
1324;Тип туалета
1324;Вид корма для рыб и экзотических животных
1324;Вид рыбок
1324;Материал миски
1324;Объём миски
1324;Вид изделия
1324;Вид одежды
1324;Пол питомца
1324;Сезон
1324;Вид обуви
1324;Тип средства
1330;Бренд
1330;Варианты
1330;Показания
1330;Основной ингредиент
1330;Протеин (Белок)
1330;Жиры
1330;Клетчатка
1330;Влажность
1330;Зольность
1330;Кальций
1330;Фосфор
1330;Тип корма
1330;Тип упаковки
1330;Возраст
1330;Вес упаковки
1330;Срок годности (дни)
1330;Вес (гр)
1330;Ширина (мм)
1330;Длина (мм)
1330;Высота (мм)
1330;Страна-производитель
1330;Добавки на 1 кг
1330;Способ применения
1330;Порода
1330;Вес питомца
1330;Фармакология
1330;Количество штук в упаковке
1330;Тип наполнителя
1330;Добавки в наполнителе
1330;Размеры
1330;Объем
1330;Состав наполнителя
1330;Цвет
1330;Материал
1330;Тип туалета
1330;Вид корма для рыб и экзотических животных
1330;Вид рыбок
1330;Материал миски
1330;Объём миски
1330;Вид изделия
1330;Вид одежды
1330;Пол питомца
1330;Сезон
1330;Вид обуви
1330;Тип средства
1331;Бренд
1331;Варианты
1331;Показания
1331;Основной ингредиент
1331;Протеин (Белок)
1331;Жиры
1331;Клетчатка
1331;Влажность
1331;Зольность
1331;Кальций
1331;Фосфор
1331;Тип корма
1331;Тип упаковки
1331;Возраст
1331;Вес упаковки
1331;Срок годности (дни)
1331;Вес (гр)
1331;Ширина (мм)
1331;Длина (мм)
1331;Высота (мм)
1331;Страна-производитель
1331;Добавки на 1 кг
1331;Способ применения
1331;Порода
1331;Вес питомца
1331;Фармакология
1331;Количество штук в упаковке
1331;Тип наполнителя
1331;Добавки в наполнителе
1331;Размеры
1331;Объем
1331;Состав наполнителя
1331;Цвет
1331;Материал
1331;Тип туалета
1331;Вид корма для рыб и экзотических животных
1331;Вид рыбок
1331;Материал миски
1331;Объём миски
1331;Вид изделия
1331;Вид одежды
1331;Пол питомца
1331;Сезон
1331;Вид обуви
1331;Тип средства
1336;Бренд
1336;Варианты
1336;Показания
1336;Основной ингредиент
1336;Протеин (Белок)
1336;Жиры
1336;Клетчатка
1336;Влажность
1336;Зольность
1336;Кальций
1336;Фосфор
1336;Тип корма
1336;Тип упаковки
1336;Возраст
1336;Вес упаковки
1336;Срок годности (дни)
1336;Вес (гр)
1336;Ширина (мм)
1336;Длина (мм)
1336;Высота (мм)
1336;Страна-производитель
1336;Добавки на 1 кг
1336;Способ применения
1336;Порода
1336;Вес питомца
1336;Фармакология
1336;Количество штук в упаковке
1336;Тип наполнителя
1336;Добавки в наполнителе
1336;Размеры
1336;Объем
1336;Состав наполнителя
1336;Цвет
1336;Материал
1336;Тип туалета
1336;Вид корма для рыб и экзотических животных
1336;Вид рыбок
1336;Материал миски
1336;Объём миски
1336;Вид изделия
1336;Вид одежды
1336;Пол питомца
1336;Сезон
1336;Вид обуви
1336;Тип средства
1342;Бренд
1342;Варианты
1342;Показания
1342;Основной ингредиент
1342;Протеин (Белок)
1342;Жиры
1342;Клетчатка
1342;Влажность
1342;Зольность
1342;Кальций
1342;Фосфор
1342;Тип корма
1342;Тип упаковки
1342;Возраст
1342;Вес упаковки
1342;Срок годности (дни)
1342;Вес (гр)
1342;Ширина (мм)
1342;Длина (мм)
1342;Высота (мм)
1342;Страна-производитель
1342;Добавки на 1 кг
1342;Способ применения
1342;Порода
1342;Вес питомца
1342;Фармакология
1342;Количество штук в упаковке
1342;Тип наполнителя
1342;Добавки в наполнителе
1342;Размеры
1342;Объем
1342;Состав наполнителя
1342;Цвет
1342;Материал
1342;Тип туалета
1342;Вид корма для рыб и экзотических животных
1342;Вид рыбок
1342;Материал миски
1342;Объём миски
1342;Вид изделия
1342;Вид одежды
1342;Пол питомца
1342;Сезон
1342;Вид обуви
1342;Тип средства
1343;Бренд
1343;Варианты
1343;Показания
1343;Основной ингредиент
1343;Протеин (Белок)
1343;Жиры
1343;Клетчатка
1343;Влажность
1343;Зольность
1343;Кальций
1343;Фосфор
1343;Тип корма
1343;Тип упаковки
1343;Возраст
1343;Вес упаковки
1343;Срок годности (дни)
1343;Вес (гр)
1343;Ширина (мм)
1343;Длина (мм)
1343;Высота (мм)
1343;Страна-производитель
1343;Добавки на 1 кг
1343;Способ применения
1343;Порода
1343;Вес питомца
1343;Фармакология
1343;Количество штук в упаковке
1343;Тип наполнителя
1343;Добавки в наполнителе
1343;Размеры
1343;Объем
1343;Состав наполнителя
1343;Цвет
1343;Материал
1343;Тип туалета
1343;Вид корма для рыб и экзотических животных
1343;Вид рыбок
1343;Материал миски
1343;Объём миски
1343;Вид изделия
1343;Вид одежды
1343;Пол питомца
1343;Сезон
1343;Вид обуви
1343;Тип средства
1345;Бренд
1345;Варианты
1345;Показания
1345;Основной ингредиент
1345;Протеин (Белок)
1345;Жиры
1345;Клетчатка
1345;Влажность
1345;Зольность
1345;Кальций
1345;Фосфор
1345;Тип корма
1345;Тип упаковки
1345;Возраст
1345;Вес упаковки
1345;Срок годности (дни)
1345;Вес (гр)
1345;Ширина (мм)
1345;Длина (мм)
1345;Высота (мм)
1345;Страна-производитель
1345;Добавки на 1 кг
1345;Способ применения
1345;Порода
1345;Вес питомца
1345;Фармакология
1345;Количество штук в упаковке
1345;Тип наполнителя
1345;Добавки в наполнителе
1345;Размеры
1345;Объем
1345;Состав наполнителя
1345;Цвет
1345;Материал
1345;Тип туалета
1345;Вид корма для рыб и экзотических животных
1345;Вид рыбок
1345;Материал миски
1345;Объём миски
1345;Вид изделия
1345;Вид одежды
1345;Пол питомца
1345;Сезон
1345;Вид обуви
1345;Тип средства
1348;Бренд
1348;Варианты
1348;Показания
1348;Основной ингредиент
1348;Протеин (Белок)
1348;Жиры
1348;Клетчатка
1348;Влажность
1348;Зольность
1348;Кальций
1348;Фосфор
1348;Тип корма
1348;Тип упаковки
1348;Возраст
1348;Вес упаковки
1348;Срок годности (дни)
1348;Вес (гр)
1348;Ширина (мм)
1348;Длина (мм)
1348;Высота (мм)
1348;Страна-производитель
1348;Добавки на 1 кг
1348;Способ применения
1348;Порода
1348;Вес питомца
1348;Фармакология
1348;Количество штук в упаковке
1348;Тип наполнителя
1348;Добавки в наполнителе
1348;Размеры
1348;Объем
1348;Состав наполнителя
1348;Цвет
1348;Материал
1348;Тип туалета
1348;Вид корма для рыб и экзотических животных
1348;Вид рыбок
1348;Материал миски
1348;Объём миски
1348;Вид изделия
1348;Вид одежды
1348;Пол питомца
1348;Сезон
1348;Вид обуви
1348;Тип средства
1358;Бренд
1358;Варианты
1358;Показания
1358;Основной ингредиент
1358;Протеин (Белок)
1358;Жиры
1358;Клетчатка
1358;Влажность
1358;Зольность
1358;Кальций
1358;Фосфор
1358;Тип корма
1358;Тип упаковки
1358;Возраст
1358;Вес упаковки
1358;Срок годности (дни)
1358;Вес (гр)
1358;Ширина (мм)
1358;Длина (мм)
1358;Высота (мм)
1358;Страна-производитель
1358;Добавки на 1 кг
1358;Способ применения
1358;Порода
1358;Вес питомца
1358;Фармакология
1358;Количество штук в упаковке
1358;Тип наполнителя
1358;Добавки в наполнителе
1358;Размеры
1358;Объем
1358;Состав наполнителя
1358;Цвет
1358;Материал
1358;Тип туалета
1358;Вид корма для рыб и экзотических животных
1358;Вид рыбок
1358;Материал миски
1358;Объём миски
1358;Вид изделия
1358;Вид одежды
1358;Пол питомца
1358;Сезон
1358;Вид обуви
1358;Тип средства
1365;Бренд
1365;Варианты
1365;Показания
1365;Основной ингредиент
1365;Протеин (Белок)
1365;Жиры
1365;Клетчатка
1365;Влажность
1365;Зольность
1365;Кальций
1365;Фосфор
1365;Тип корма
1365;Тип упаковки
1365;Возраст
1365;Вес упаковки
1365;Срок годности (дни)
1365;Вес (гр)
1365;Ширина (мм)
1365;Длина (мм)
1365;Высота (мм)
1365;Страна-производитель
1365;Добавки на 1 кг
1365;Способ применения
1365;Порода
1365;Вес питомца
1365;Фармакология
1365;Количество штук в упаковке
1365;Тип наполнителя
1365;Добавки в наполнителе
1365;Размеры
1365;Объем
1365;Состав наполнителя
1365;Цвет
1365;Материал
1365;Тип туалета
1365;Вид корма для рыб и экзотических животных
1365;Вид рыбок
1365;Материал миски
1365;Объём миски
1365;Вид изделия
1365;Вид одежды
1365;Пол питомца
1365;Сезон
1365;Вид обуви
1365;Тип средства
1425;Бренд
1425;Варианты
1425;Показания
1425;Основной ингредиент
1425;Протеин (Белок)
1425;Жиры
1425;Клетчатка
1425;Влажность
1425;Зольность
1425;Кальций
1425;Фосфор
1425;Тип корма
1425;Тип упаковки
1425;Возраст
1425;Вес упаковки
1425;Срок годности (дни)
1425;Вес (гр)
1425;Ширина (мм)
1425;Длина (мм)
1425;Высота (мм)
1425;Страна-производитель
1425;Добавки на 1 кг
1425;Способ применения
1425;Порода
1425;Вес питомца
1425;Фармакология
1425;Количество штук в упаковке
1425;Тип наполнителя
1425;Добавки в наполнителе
1425;Размеры
1425;Объем
1425;Состав наполнителя
1425;Цвет
1425;Материал
1425;Тип туалета
1425;Вид корма для рыб и экзотических животных
1425;Вид рыбок
1425;Материал миски
1425;Объём миски
1425;Вид изделия
1425;Вид одежды
1425;Пол питомца
1425;Сезон
1425;Вид обуви
1425;Тип средства
1449;Бренд
1449;Варианты
1449;Показания
1449;Основной ингредиент
1449;Протеин (Белок)
1449;Жиры
1449;Клетчатка
1449;Влажность
1449;Зольность
1449;Кальций
1449;Фосфор
1449;Тип корма
1449;Тип упаковки
1449;Возраст
1449;Вес упаковки
1449;Срок годности (дни)
1449;Вес (гр)
1449;Ширина (мм)
1449;Длина (мм)
1449;Высота (мм)
1449;Страна-производитель
1449;Добавки на 1 кг
1449;Способ применения
1449;Порода
1449;Вес питомца
1449;Фармакология
1449;Количество штук в упаковке
1449;Тип наполнителя
1449;Добавки в наполнителе
1449;Размеры
1449;Объем
1449;Состав наполнителя
1449;Цвет
1449;Материал
1449;Тип туалета
1449;Вид корма для рыб и экзотических животных
1449;Вид рыбок
1449;Материал миски
1449;Объём миски
1449;Вид изделия
1449;Вид одежды
1449;Пол питомца
1449;Сезон
1449;Вид обуви
1449;Тип средства
1451;Бренд
1451;Варианты
1451;Показания
1451;Основной ингредиент
1451;Протеин (Белок)
1451;Жиры
1451;Клетчатка
1451;Влажность
1451;Зольность
1451;Кальций
1451;Фосфор
1451;Тип корма
1451;Тип упаковки
1451;Возраст
1451;Вес упаковки
1451;Срок годности (дни)
1451;Вес (гр)
1451;Ширина (мм)
1451;Длина (мм)
1451;Высота (мм)
1451;Страна-производитель
1451;Добавки на 1 кг
1451;Способ применения
1451;Порода
1451;Вес питомца
1451;Фармакология
1451;Количество штук в упаковке
1451;Тип наполнителя
1451;Добавки в наполнителе
1451;Размеры
1451;Объем
1451;Состав наполнителя
1451;Цвет
1451;Материал
1451;Тип туалета
1451;Вид корма для рыб и экзотических животных
1451;Вид рыбок
1451;Материал миски
1451;Объём миски
1451;Вид изделия
1451;Вид одежды
1451;Пол питомца
1451;Сезон
1451;Вид обуви
1451;Тип средства
1454;Бренд
1454;Варианты
1454;Показания
1454;Основной ингредиент
1454;Протеин (Белок)
1454;Жиры
1454;Клетчатка
1454;Влажность
1454;Зольность
1454;Кальций
1454;Фосфор
1454;Тип корма
1454;Тип упаковки
1454;Возраст
1454;Вес упаковки
1454;Срок годности (дни)
1454;Вес (гр)
1454;Ширина (мм)
1454;Длина (мм)
1454;Высота (мм)
1454;Страна-производитель
1454;Добавки на 1 кг
1454;Способ применения
1454;Порода
1454;Вес питомца
1454;Фармакология
1454;Количество штук в упаковке
1454;Тип наполнителя
1454;Добавки в наполнителе
1454;Размеры
1454;Объем
1454;Состав наполнителя
1454;Цвет
1454;Материал
1454;Тип туалета
1454;Вид корма для рыб и экзотических животных
1454;Вид рыбок
1454;Материал миски
1454;Объём миски
1454;Вид изделия
1454;Вид одежды
1454;Пол питомца
1454;Сезон
1454;Вид обуви
1454;Тип средства
1462;Бренд
1462;Варианты
1462;Показания
1462;Основной ингредиент
1462;Протеин (Белок)
1462;Жиры
1462;Клетчатка
1462;Влажность
1462;Зольность
1462;Кальций
1462;Фосфор
1462;Тип корма
1462;Тип упаковки
1462;Возраст
1462;Вес упаковки
1462;Срок годности (дни)
1462;Вес (гр)
1462;Ширина (мм)
1462;Длина (мм)
1462;Высота (мм)
1462;Страна-производитель
1462;Добавки на 1 кг
1462;Способ применения
1462;Порода
1462;Вес питомца
1462;Фармакология
1462;Количество штук в упаковке
1462;Тип наполнителя
1462;Добавки в наполнителе
1462;Размеры
1462;Объем
1462;Состав наполнителя
1462;Цвет
1462;Материал
1462;Тип туалета
1462;Вид корма для рыб и экзотических животных
1462;Вид рыбок
1462;Материал миски
1462;Объём миски
1462;Вид изделия
1462;Вид одежды
1462;Пол питомца
1462;Сезон
1462;Вид обуви
1462;Тип средства
1464;Бренд
1464;Варианты
1464;Показания
1464;Основной ингредиент
1464;Протеин (Белок)
1464;Жиры
1464;Клетчатка
1464;Влажность
1464;Зольность
1464;Кальций
1464;Фосфор
1464;Тип корма
1464;Тип упаковки
1464;Возраст
1464;Вес упаковки
1464;Срок годности (дни)
1464;Вес (гр)
1464;Ширина (мм)
1464;Длина (мм)
1464;Высота (мм)
1464;Страна-производитель
1464;Добавки на 1 кг
1464;Способ применения
1464;Порода
1464;Вес питомца
1464;Фармакология
1464;Количество штук в упаковке
1464;Тип наполнителя
1464;Добавки в наполнителе
1464;Размеры
1464;Объем
1464;Состав наполнителя
1464;Цвет
1464;Материал
1464;Тип туалета
1464;Вид корма для рыб и экзотических животных
1464;Вид рыбок
1464;Материал миски
1464;Объём миски
1464;Вид изделия
1464;Вид одежды
1464;Пол питомца
1464;Сезон
1464;Вид обуви
1464;Тип средства
1466;Бренд
1466;Варианты
1466;Показания
1466;Основной ингредиент
1466;Протеин (Белок)
1466;Жиры
1466;Клетчатка
1466;Влажность
1466;Зольность
1466;Кальций
1466;Фосфор
1466;Тип корма
1466;Тип упаковки
1466;Возраст
1466;Вес упаковки
1466;Срок годности (дни)
1466;Вес (гр)
1466;Ширина (мм)
1466;Длина (мм)
1466;Высота (мм)
1466;Страна-производитель
1466;Добавки на 1 кг
1466;Способ применения
1466;Порода
1466;Вес питомца
1466;Фармакология
1466;Количество штук в упаковке
1466;Тип наполнителя
1466;Добавки в наполнителе
1466;Размеры
1466;Объем
1466;Состав наполнителя
1466;Цвет
1466;Материал
1466;Тип туалета
1466;Вид корма для рыб и экзотических животных
1466;Вид рыбок
1466;Материал миски
1466;Объём миски
1466;Вид изделия
1466;Вид одежды
1466;Пол питомца
1466;Сезон
1466;Вид обуви
1466;Тип средства
1468;Бренд
1468;Варианты
1468;Показания
1468;Основной ингредиент
1468;Протеин (Белок)
1468;Жиры
1468;Клетчатка
1468;Влажность
1468;Зольность
1468;Кальций
1468;Фосфор
1468;Тип корма
1468;Тип упаковки
1468;Возраст
1468;Вес упаковки
1468;Срок годности (дни)
1468;Вес (гр)
1468;Ширина (мм)
1468;Длина (мм)
1468;Высота (мм)
1468;Страна-производитель
1468;Добавки на 1 кг
1468;Способ применения
1468;Порода
1468;Вес питомца
1468;Фармакология
1468;Количество штук в упаковке
1468;Тип наполнителя
1468;Добавки в наполнителе
1468;Размеры
1468;Объем
1468;Состав наполнителя
1468;Цвет
1468;Материал
1468;Тип туалета
1468;Вид корма для рыб и экзотических животных
1468;Вид рыбок
1468;Материал миски
1468;Объём миски
1468;Вид изделия
1468;Вид одежды
1468;Пол питомца
1468;Сезон
1468;Вид обуви
1468;Тип средства
1471;Бренд
1471;Варианты
1471;Показания
1471;Основной ингредиент
1471;Протеин (Белок)
1471;Жиры
1471;Клетчатка
1471;Влажность
1471;Зольность
1471;Кальций
1471;Фосфор
1471;Тип корма
1471;Тип упаковки
1471;Возраст
1471;Вес упаковки
1471;Срок годности (дни)
1471;Вес (гр)
1471;Ширина (мм)
1471;Длина (мм)
1471;Высота (мм)
1471;Страна-производитель
1471;Добавки на 1 кг
1471;Способ применения
1471;Порода
1471;Вес питомца
1471;Фармакология
1471;Количество штук в упаковке
1471;Тип наполнителя
1471;Добавки в наполнителе
1471;Размеры
1471;Объем
1471;Состав наполнителя
1471;Цвет
1471;Материал
1471;Тип туалета
1471;Вид корма для рыб и экзотических животных
1471;Вид рыбок
1471;Материал миски
1471;Объём миски
1471;Вид изделия
1471;Вид одежды
1471;Пол питомца
1471;Сезон
1471;Вид обуви
1471;Тип средства
1473;Бренд
1473;Варианты
1473;Показания
1473;Основной ингредиент
1473;Протеин (Белок)
1473;Жиры
1473;Клетчатка
1473;Влажность
1473;Зольность
1473;Кальций
1473;Фосфор
1473;Тип корма
1473;Тип упаковки
1473;Возраст
1473;Вес упаковки
1473;Срок годности (дни)
1473;Вес (гр)
1473;Ширина (мм)
1473;Длина (мм)
1473;Высота (мм)
1473;Страна-производитель
1473;Добавки на 1 кг
1473;Способ применения
1473;Порода
1473;Вес питомца
1473;Фармакология
1473;Количество штук в упаковке
1473;Тип наполнителя
1473;Добавки в наполнителе
1473;Размеры
1473;Объем
1473;Состав наполнителя
1473;Цвет
1473;Материал
1473;Тип туалета
1473;Вид корма для рыб и экзотических животных
1473;Вид рыбок
1473;Материал миски
1473;Объём миски
1473;Вид изделия
1473;Вид одежды
1473;Пол питомца
1473;Сезон
1473;Вид обуви
1473;Тип средства
1474;Бренд
1474;Варианты
1474;Показания
1474;Основной ингредиент
1474;Протеин (Белок)
1474;Жиры
1474;Клетчатка
1474;Влажность
1474;Зольность
1474;Кальций
1474;Фосфор
1474;Тип корма
1474;Тип упаковки
1474;Возраст
1474;Вес упаковки
1474;Срок годности (дни)
1474;Вес (гр)
1474;Ширина (мм)
1474;Длина (мм)
1474;Высота (мм)
1474;Страна-производитель
1474;Добавки на 1 кг
1474;Способ применения
1474;Порода
1474;Вес питомца
1474;Фармакология
1474;Количество штук в упаковке
1474;Тип наполнителя
1474;Добавки в наполнителе
1474;Размеры
1474;Объем
1474;Состав наполнителя
1474;Цвет
1474;Материал
1474;Тип туалета
1474;Вид корма для рыб и экзотических животных
1474;Вид рыбок
1474;Материал миски
1474;Объём миски
1474;Вид изделия
1474;Вид одежды
1474;Пол питомца
1474;Сезон
1474;Вид обуви
1474;Тип средства
1528;Бренд
1528;Варианты
1528;Показания
1528;Основной ингредиент
1528;Протеин (Белок)
1528;Жиры
1528;Клетчатка
1528;Влажность
1528;Зольность
1528;Кальций
1528;Фосфор
1528;Тип корма
1528;Тип упаковки
1528;Возраст
1528;Вес упаковки
1528;Срок годности (дни)
1528;Вес (гр)
1528;Ширина (мм)
1528;Длина (мм)
1528;Высота (мм)
1528;Страна-производитель
1528;Добавки на 1 кг
1528;Способ применения
1528;Порода
1528;Вес питомца
1528;Фармакология
1528;Количество штук в упаковке
1528;Тип наполнителя
1528;Добавки в наполнителе
1528;Размеры
1528;Объем
1528;Состав наполнителя
1528;Цвет
1528;Материал
1528;Тип туалета
1528;Вид корма для рыб и экзотических животных
1528;Вид рыбок
1528;Материал миски
1528;Объём миски
1528;Вид изделия
1528;Вид одежды
1528;Пол питомца
1528;Сезон
1528;Вид обуви
1528;Тип средства
1572;Бренд
1572;Варианты
1572;Показания
1572;Основной ингредиент
1572;Протеин (Белок)
1572;Жиры
1572;Клетчатка
1572;Влажность
1572;Зольность
1572;Кальций
1572;Фосфор
1572;Тип корма
1572;Тип упаковки
1572;Возраст
1572;Вес упаковки
1572;Срок годности (дни)
1572;Вес (гр)
1572;Ширина (мм)
1572;Длина (мм)
1572;Высота (мм)
1572;Страна-производитель
1572;Добавки на 1 кг
1572;Способ применения
1572;Порода
1572;Вес питомца
1572;Фармакология
1572;Количество штук в упаковке
1572;Тип наполнителя
1572;Добавки в наполнителе
1572;Размеры
1572;Объем
1572;Состав наполнителя
1572;Цвет
1572;Материал
1572;Тип туалета
1572;Вид корма для рыб и экзотических животных
1572;Вид рыбок
1572;Материал миски
1572;Объём миски
1572;Вид изделия
1572;Вид одежды
1572;Пол питомца
1572;Сезон
1572;Вид обуви
1572;Тип средства
1635;Бренд
1635;Варианты
1635;Показания
1635;Основной ингредиент
1635;Протеин (Белок)
1635;Жиры
1635;Клетчатка
1635;Влажность
1635;Зольность
1635;Кальций
1635;Фосфор
1635;Тип корма
1635;Тип упаковки
1635;Возраст
1635;Вес упаковки
1635;Срок годности (дни)
1635;Вес (гр)
1635;Ширина (мм)
1635;Длина (мм)
1635;Высота (мм)
1635;Страна-производитель
1635;Добавки на 1 кг
1635;Способ применения
1635;Порода
1635;Вес питомца
1635;Фармакология
1635;Количество штук в упаковке
1635;Тип наполнителя
1635;Добавки в наполнителе
1635;Размеры
1635;Объем
1635;Состав наполнителя
1635;Цвет
1635;Материал
1635;Тип туалета
1635;Вид корма для рыб и экзотических животных
1635;Вид рыбок
1635;Материал миски
1635;Объём миски
1635;Вид изделия
1635;Вид одежды
1635;Пол питомца
1635;Сезон
1635;Вид обуви
1635;Тип средства
1641;Бренд
1641;Варианты
1641;Показания
1641;Основной ингредиент
1641;Протеин (Белок)
1641;Жиры
1641;Клетчатка
1641;Влажность
1641;Зольность
1641;Кальций
1641;Фосфор
1641;Тип корма
1641;Тип упаковки
1641;Возраст
1641;Вес упаковки
1641;Срок годности (дни)
1641;Вес (гр)
1641;Ширина (мм)
1641;Длина (мм)
1641;Высота (мм)
1641;Страна-производитель
1641;Добавки на 1 кг
1641;Способ применения
1641;Порода
1641;Вес питомца
1641;Фармакология
1641;Количество штук в упаковке
1641;Тип наполнителя
1641;Добавки в наполнителе
1641;Размеры
1641;Объем
1641;Состав наполнителя
1641;Цвет
1641;Материал
1641;Тип туалета
1641;Вид корма для рыб и экзотических животных
1641;Вид рыбок
1641;Материал миски
1641;Объём миски
1641;Вид изделия
1641;Вид одежды
1641;Пол питомца
1641;Сезон
1641;Вид обуви
1641;Тип средства
1644;Бренд
1644;Варианты
1644;Показания
1644;Основной ингредиент
1644;Протеин (Белок)
1644;Жиры
1644;Клетчатка
1644;Влажность
1644;Зольность
1644;Кальций
1644;Фосфор
1644;Тип корма
1644;Тип упаковки
1644;Возраст
1644;Вес упаковки
1644;Срок годности (дни)
1644;Вес (гр)
1644;Ширина (мм)
1644;Длина (мм)
1644;Высота (мм)
1644;Страна-производитель
1644;Добавки на 1 кг
1644;Способ применения
1644;Порода
1644;Вес питомца
1644;Фармакология
1644;Количество штук в упаковке
1644;Тип наполнителя
1644;Добавки в наполнителе
1644;Размеры
1644;Объем
1644;Состав наполнителя
1644;Цвет
1644;Материал
1644;Тип туалета
1644;Вид корма для рыб и экзотических животных
1644;Вид рыбок
1644;Материал миски
1644;Объём миски
1644;Вид изделия
1644;Вид одежды
1644;Пол питомца
1644;Сезон
1644;Вид обуви
1644;Тип средства
1656;Бренд
1656;Варианты
1656;Показания
1656;Основной ингредиент
1656;Протеин (Белок)
1656;Жиры
1656;Клетчатка
1656;Влажность
1656;Зольность
1656;Кальций
1656;Фосфор
1656;Тип корма
1656;Тип упаковки
1656;Возраст
1656;Вес упаковки
1656;Срок годности (дни)
1656;Вес (гр)
1656;Ширина (мм)
1656;Длина (мм)
1656;Высота (мм)
1656;Страна-производитель
1656;Добавки на 1 кг
1656;Способ применения
1656;Порода
1656;Вес питомца
1656;Фармакология
1656;Количество штук в упаковке
1656;Тип наполнителя
1656;Добавки в наполнителе
1656;Размеры
1656;Объем
1656;Состав наполнителя
1656;Цвет
1656;Материал
1656;Тип туалета
1656;Вид корма для рыб и экзотических животных
1656;Вид рыбок
1656;Материал миски
1656;Объём миски
1656;Вид изделия
1656;Вид одежды
1656;Пол питомца
1656;Сезон
1656;Вид обуви
1656;Тип средства
1661;Бренд
1661;Варианты
1661;Показания
1661;Основной ингредиент
1661;Протеин (Белок)
1661;Жиры
1661;Клетчатка
1661;Влажность
1661;Зольность
1661;Кальций
1661;Фосфор
1661;Тип корма
1661;Тип упаковки
1661;Возраст
1661;Вес упаковки
1661;Срок годности (дни)
1661;Вес (гр)
1661;Ширина (мм)
1661;Длина (мм)
1661;Высота (мм)
1661;Страна-производитель
1661;Добавки на 1 кг
1661;Способ применения
1661;Порода
1661;Вес питомца
1661;Фармакология
1661;Количество штук в упаковке
1661;Тип наполнителя
1661;Добавки в наполнителе
1661;Размеры
1661;Объем
1661;Состав наполнителя
1661;Цвет
1661;Материал
1661;Тип туалета
1661;Вид корма для рыб и экзотических животных
1661;Вид рыбок
1661;Материал миски
1661;Объём миски
1661;Вид изделия
1661;Вид одежды
1661;Пол питомца
1661;Сезон
1661;Вид обуви
1661;Тип средства
1669;Бренд
1669;Варианты
1669;Показания
1669;Основной ингредиент
1669;Протеин (Белок)
1669;Жиры
1669;Клетчатка
1669;Влажность
1669;Зольность
1669;Кальций
1669;Фосфор
1669;Тип корма
1669;Тип упаковки
1669;Возраст
1669;Вес упаковки
1669;Срок годности (дни)
1669;Вес (гр)
1669;Ширина (мм)
1669;Длина (мм)
1669;Высота (мм)
1669;Страна-производитель
1669;Добавки на 1 кг
1669;Способ применения
1669;Порода
1669;Вес питомца
1669;Фармакология
1669;Количество штук в упаковке
1669;Тип наполнителя
1669;Добавки в наполнителе
1669;Размеры
1669;Объем
1669;Состав наполнителя
1669;Цвет
1669;Материал
1669;Тип туалета
1669;Вид корма для рыб и экзотических животных
1669;Вид рыбок
1669;Материал миски
1669;Объём миски
1669;Вид изделия
1669;Вид одежды
1669;Пол питомца
1669;Сезон
1669;Вид обуви
1669;Тип средства
1670;Бренд
1670;Варианты
1670;Показания
1670;Основной ингредиент
1670;Протеин (Белок)
1670;Жиры
1670;Клетчатка
1670;Влажность
1670;Зольность
1670;Кальций
1670;Фосфор
1670;Тип корма
1670;Тип упаковки
1670;Возраст
1670;Вес упаковки
1670;Срок годности (дни)
1670;Вес (гр)
1670;Ширина (мм)
1670;Длина (мм)
1670;Высота (мм)
1670;Страна-производитель
1670;Добавки на 1 кг
1670;Способ применения
1670;Порода
1670;Вес питомца
1670;Фармакология
1670;Количество штук в упаковке
1670;Тип наполнителя
1670;Добавки в наполнителе
1670;Размеры
1670;Объем
1670;Состав наполнителя
1670;Цвет
1670;Материал
1670;Тип туалета
1670;Вид корма для рыб и экзотических животных
1670;Вид рыбок
1670;Материал миски
1670;Объём миски
1670;Вид изделия
1670;Вид одежды
1670;Пол питомца
1670;Сезон
1670;Вид обуви
1670;Тип средства
